{
  "encoder_history": {
    "train_loss": [
      2.904027196691716,
      2.557187819605165,
      2.5340254583143365,
      2.508579072096591,
      2.455598927189204,
      2.3872416479530156,
      2.2658205607239794,
      2.1131820589947505,
      1.9724508703391113,
      1.8520316200801947,
      1.7584225148828014,
      1.6890994290111379,
      1.6374497512458541,
      1.588841629682211,
      1.5423405656420466,
      1.4910306319035913,
      1.4399335781807165,
      1.38271491712925,
      1.3391619985897745,
      1.292162283744638,
      1.253782939126072,
      1.225468442554094,
      1.2054818121729787,
      1.1992016589080883,
      1.1866095785766315,
      1.191877785838029,
      1.1832817051653073,
      1.171089865313739,
      1.1491112222492355,
      1.1333569929429734,
      1.142463713586395,
      1.1243294240948096,
      1.1170321995828516,
      1.105650318548528,
      1.0911458281936648,
      1.1001773024256476,
      1.074682410915927,
      1.0705389252089137,
      1.0540075864988636,
      1.0515015295434764,
      1.0330619583921337,
      1.0192541292689035,
      1.002756274270358,
      1.0161221831652447,
      0.9961975616653712,
      0.9604656027673414,
      0.9628343462860989,
      0.9685640424128882,
      0.9585296614729041,
      0.9276478138111182
    ],
    "val_loss": [
      2.5697624361704268,
      2.5225859289131467,
      2.5015705499857193,
      2.4664923085106745,
      2.4048290784869875,
      2.298088862072854,
      2.1380445614220602,
      1.9652816445108443,
      1.8296589503685634,
      1.7335233716737657,
      1.6637346107098792,
      1.6144873058748623,
      1.571666084111683,
      1.5336314809937326,
      1.4904688736276022,
      1.4409546639238084,
      1.3879525009838363,
      1.3347852550565251,
      1.2837996680348638,
      1.2411146453093915,
      1.1982490164893014,
      1.1647656945186475,
      1.1392907667018117,
      1.1161812849875008,
      1.0981564012666543,
      1.0765666326744452,
      1.0731625668556681,
      1.0362861879938652,
      1.0195803364428382,
      1.001836939607673,
      0.9715181915311232,
      0.952053614670322,
      0.9228097919840366,
      0.9051570403980949,
      0.8846032760560602,
      0.8718521334378729,
      0.8634954137572398,
      0.8258054891494029,
      0.8103576795584226,
      0.7895540253116956,
      0.7736476281776078,
      0.7544569546330927,
      0.7434054568857102,
      0.7331996698861957,
      0.706130510527319,
      0.6917476108683909,
      0.6738540848900956,
      0.6653439151557413,
      0.6424702762335998,
      0.6303039876275718
    ],
    "val_accuracy": [
      0.35119047619047616,
      0.35119047619047616,
      0.35119047619047616,
      0.35119047619047616,
      0.35119047619047616,
      0.35119047619047616,
      0.35119047619047616,
      0.35119047619047616,
      0.35119047619047616,
      0.35119047619047616,
      0.35119047619047616,
      0.35119047619047616,
      0.35119047619047616,
      0.35119047619047616,
      0.35119047619047616,
      0.43253968253968256,
      0.5198412698412699,
      0.5317460317460317,
      0.5892857142857143,
      0.6011904761904762,
      0.5952380952380952,
      0.5952380952380952,
      0.5952380952380952,
      0.5952380952380952,
      0.5992063492063492,
      0.625,
      0.6011904761904762,
      0.6388888888888888,
      0.6388888888888888,
      0.6031746031746031,
      0.6170634920634921,
      0.6468253968253969,
      0.6388888888888888,
      0.6507936507936508,
      0.6448412698412699,
      0.7400793650793651,
      0.7400793650793651,
      0.7361111111111112,
      0.6626984126984127,
      0.6626984126984127,
      0.7361111111111112,
      0.6626984126984127,
      0.746031746031746,
      0.7837301587301587,
      0.748015873015873,
      0.7658730158730159,
      0.7658730158730159,
      0.8075396825396826,
      0.8075396825396826,
      0.7579365079365079
    ],
    "split": {
      "train": 4029,
      "val": 504,
      "test": 504
    },
    "test_loss": 0.6782236092396834,
    "test_accuracy": 0.7698412698412699
  },
  "gnn_history": {
    "train_loss": [
      0.1921435332575821,
      0.010530012128032822,
      0.043108488457276946,
      0.01865635739532168,
      0.008282585653576556,
      0.008313678248606838,
      0.009282038671968236,
      0.005260882773737189,
      0.0063838146637894624,
      0.003982937610658266,
      0.008489003012794465,
      0.002640171715928194,
      0.0032114535323306435,
      0.0018339557152269143,
      0.002774344293343387,
      0.003621993107723514,
      0.004043403939550369,
      0.0010495269867928764,
      0.00230980747738091,
      0.003086661010039105,
      0.0025893494795971406,
      0.0006661403086393544,
      0.004763558467983416,
      0.0011756764176455853,
      0.0021509854356230383,
      3.96603829544159e-05,
      0.003279573175168948,
      0.002182009143809671,
      0.00222043580802228,
      0.0012993876974054606,
      0.0020251682078386325,
      0.001561789647004319,
      0.0026549946929254275,
      0.0017697033039286393,
      0.002229988219708772,
      0.0030654052936806005,
      0.0013646032092760518,
      0.0014801210581896077,
      0.0012485388693762821,
      0.0024021670831550187,
      0.0007688128427373822,
      0.0020268248071387434,
      6.325720503119665e-05,
      0.0016078261857441674,
      0.0014191953403459635,
      0.0012404883289090045,
      0.002864442296185759,
      5.728234814599403e-05,
      0.0018001812724629056,
      0.00020915944332347813
    ],
    "val_loss": [
      0.003646718746942555,
      0.0007037261947812473,
      0.0005341509136033416,
      0.00026130545357964653,
      0.0005470570494786273,
      0.18552666592485625,
      9.907624567968952e-05,
      0.0007039319576560918,
      3.148439969510467e-05,
      3.9851780818261815e-05,
      0.0015150108048365,
      0.0002438156223722974,
      0.0009956746079683037,
      8.359257961169292e-06,
      0.011552997251434513,
      4.577384612393045e-05,
      0.0037177232804881987,
      4.141002556553568e-06,
      6.650140539872969e-06,
      1.613495058620685e-05,
      0.0013501423691349619,
      2.2592700878551256e-06,
      6.55350839769781e-05,
      4.062541417152296e-06,
      2.5928314460203485e-05,
      9.17801470539597e-07,
      1.1582928335533947e-05,
      8.491457177256963e-05,
      5.5493010163958675e-06,
      3.099994138175014e-06,
      0.0007834790943038157,
      4.322391137902657e-06,
      0.0002249351418863873,
      5.073299519789101e-06,
      5.586510773995074e-06,
      2.0230319603023328e-05,
      1.5195766506026674e-05,
      1.2803520443744921e-05,
      0.00028893148263986566,
      0.0005023656453583393,
      1.9240993751141074e-05,
      1.0275923895732472e-05,
      7.771232380422115e-07,
      1.2323843321604939e-06,
      0.0005320409183025283,
      9.599696934618828e-07,
      1.1489495162612301e-05,
      6.089285357785148e-07,
      1.4722350179349003e-05,
      8.027388456864956e-07
    ],
    "val_accuracy": [
      0.9991195773971506,
      0.9999199615815592,
      0.9999199615815592,
      1.0,
      0.9998399231631183,
      0.9364494957579638,
      1.0,
      0.9999199615815592,
      1.0,
      1.0,
      0.9991996158155915,
      0.9998399231631183,
      0.9995197694893548,
      1.0,
      0.996798463262366,
      1.0,
      0.9982391547943013,
      1.0,
      1.0,
      1.0,
      0.999439731070914,
      1.0,
      1.0,
      1.0,
      1.0,
      1.0,
      1.0,
      1.0,
      1.0,
      1.0,
      0.9997598847446775,
      1.0,
      0.9999199615815592,
      1.0,
      1.0,
      1.0,
      1.0,
      1.0,
      1.0,
      0.9999199615815592,
      1.0,
      1.0,
      1.0,
      1.0,
      0.9998399231631183,
      1.0,
      1.0,
      1.0,
      1.0,
      1.0
    ],
    "split": {
      "train": 4029,
      "val": 504,
      "test": 504
    },